{
    "name": "Flame.png",
    "width": 480,
    "height": 480,
    "sprites": [
        {
            "name": "Flame_a_3",
            "x": 180.0,
            "y": 0.0,
            "width": 60.0,
            "height": 120.0,
            "pivotX": 0.5,
            "pivotY": 0.8500000238418579
        },
        {
            "name": "Flame_a_4",
            "x": 240.0,
            "y": 0.0,
            "width": 60.0,
            "height": 120.0,
            "pivotX": 0.5,
            "pivotY": 0.8500000238418579
        },
        {
            "name": "Flame_a_5",
            "x": 300.0,
            "y": 0.0,
            "width": 60.0,
            "height": 120.0,
            "pivotX": 0.5,
            "pivotY": 0.8500000238418579
        },
        {
            "name": "Flame_a_6",
            "x": 360.0,
            "y": 0.0,
            "width": 60.0,
            "height": 120.0,
            "pivotX": 0.5,
            "pivotY": 0.8500000238418579
        },
        {
            "name": "Flame_a_7",
            "x": 420.0,
            "y": 0.0,
            "width": 60.0,
            "height": 120.0,
            "pivotX": 0.5,
            "pivotY": 0.8500000238418579
        },
        {
            "name": "Flame_a_8",
            "x": 0.0,
            "y": 120.0,
            "width": 60.0,
            "height": 120.0,
            "pivotX": 0.5,
            "pivotY": 0.8500000238418579
        },
        {
            "name": "Flame_a_9",
            "x": 60.0,
            "y": 120.0,
            "width": 60.0,
            "height": 120.0,
            "pivotX": 0.5,
            "pivotY": 0.8500000238418579
        },
        {
            "name": "Flame_a_10",
            "x": 120.0,
            "y": 120.0,
            "width": 60.0,
            "height": 120.0,
            "pivotX": 0.5,
            "pivotY": 0.8500000238418579
        },
        {
            "name": "Flame_a_11",
            "x": 180.0,
            "y": 120.0,
            "width": 60.0,
            "height": 120.0,
            "pivotX": 0.5,
            "pivotY": 0.8500000238418579
        },
        {
            "name": "Flame_a_12",
            "x": 240.0,
            "y": 120.0,
            "width": 60.0,
            "height": 120.0,
            "pivotX": 0.5,
            "pivotY": 0.8500000238418579
        },
        {
            "name": "Flame_a_13",
            "x": 300.0,
            "y": 120.0,
            "width": 60.0,
            "height": 120.0,
            "pivotX": 0.5,
            "pivotY": 0.8500000238418579
        },
        {
            "name": "Flame_a_14",
            "x": 360.0,
            "y": 120.0,
            "width": 60.0,
            "height": 120.0,
            "pivotX": 0.5,
            "pivotY": 0.8500000238418579
        },
        {
            "name": "Flame_a_15",
            "x": 420.0,
            "y": 120.0,
            "width": 60.0,
            "height": 120.0,
            "pivotX": 0.5,
            "pivotY": 0.8500000238418579
        },
        {
            "name": "Flame_a_16",
            "x": 0.0,
            "y": 240.0,
            "width": 60.0,
            "height": 120.0,
            "pivotX": 0.5,
            "pivotY": 0.8500000238418579
        },
        {
            "name": "Flame_a_17",
            "x": 60.0,
            "y": 240.0,
            "width": 60.0,
            "height": 120.0,
            "pivotX": 0.5,
            "pivotY": 0.8500000238418579
        },
        {
            "name": "Flame_a_18",
            "x": 120.0,
            "y": 240.0,
            "width": 60.0,
            "height": 120.0,
            "pivotX": 0.5,
            "pivotY": 0.8500000238418579
        },
        {
            "name": "Flame_a_19",
            "x": 180.0,
            "y": 240.0,
            "width": 60.0,
            "height": 120.0,
            "pivotX": 0.5,
            "pivotY": 0.8500000238418579
        },
        {
            "name": "Flame_a_20",
            "x": 240.0,
            "y": 240.0,
            "width": 60.0,
            "height": 120.0,
            "pivotX": 0.5,
            "pivotY": 0.8500000238418579
        },
        {
            "name": "Flame_a_21",
            "x": 300.0,
            "y": 240.0,
            "width": 60.0,
            "height": 120.0,
            "pivotX": 0.5,
            "pivotY": 0.8500000238418579
        },
        {
            "name": "Flame_a_22",
            "x": 360.0,
            "y": 240.0,
            "width": 60.0,
            "height": 120.0,
            "pivotX": 0.5,
            "pivotY": 0.8500000238418579
        },
        {
            "name": "Flame_a_23",
            "x": 420.0,
            "y": 240.0,
            "width": 60.0,
            "height": 120.0,
            "pivotX": 0.5,
            "pivotY": 0.8500000238418579
        },
        {
            "name": "Flame_a_24",
            "x": 0.0,
            "y": 360.0,
            "width": 60.0,
            "height": 120.0,
            "pivotX": 0.5,
            "pivotY": 0.8500000238418579
        },
        {
            "name": "Flame_a_25",
            "x": 60.0,
            "y": 360.0,
            "width": 60.0,
            "height": 120.0,
            "pivotX": 0.5,
            "pivotY": 0.8500000238418579
        },
        {
            "name": "Flame_a_26",
            "x": 120.0,
            "y": 360.0,
            "width": 60.0,
            "height": 120.0,
            "pivotX": 0.5,
            "pivotY": 0.8500000238418579
        },
        {
            "name": "Flame_a_27",
            "x": 180.0,
            "y": 360.0,
            "width": 60.0,
            "height": 120.0,
            "pivotX": 0.5,
            "pivotY": 0.8500000238418579
        },
        {
            "name": "Flame_a_28",
            "x": 240.0,
            "y": 360.0,
            "width": 60.0,
            "height": 120.0,
            "pivotX": 0.5,
            "pivotY": 0.8500000238418579
        },
        {
            "name": "Flame_a_29",
            "x": 300.0,
            "y": 360.0,
            "width": 60.0,
            "height": 120.0,
            "pivotX": 0.5,
            "pivotY": 0.8500000238418579
        },
        {
            "name": "Flame_a_30",
            "x": 360.0,
            "y": 360.0,
            "width": 60.0,
            "height": 120.0,
            "pivotX": 0.5,
            "pivotY": 0.8500000238418579
        },
        {
            "name": "Flame_a_31",
            "x": 420.0,
            "y": 360.0,
            "width": 60.0,
            "height": 120.0,
            "pivotX": 0.5,
            "pivotY": 0.8500000238418579
        },
        {
            "name": "Flame_a_0",
            "x": 0.0,
            "y": 0.0,
            "width": 60.0,
            "height": 120.0,
            "pivotX": 0.5,
            "pivotY": 0.8500000238418579
        },
        {
            "name": "Flame_a_1",
            "x": 60.0,
            "y": 0.0,
            "width": 60.0,
            "height": 120.0,
            "pivotX": 0.5,
            "pivotY": 0.8500000238418579
        },
        {
            "name": "Flame_a_2",
            "x": 120.0,
            "y": 0.0,
            "width": 60.0,
            "height": 120.0,
            "pivotX": 0.5,
            "pivotY": 0.8500000238418579
        }
    ]
}