{
    "name": "Explosion_a",
    "isLoop": true,
    "filePath": "Assets/Sprites/Explosion.png",
    "duration": 1.0,
    "frames": [
        {
            "sprite": "Explosion_a_0",
            "time": 0.0
        },
        {
            "sprite": "Explosion_a_1",
            "time": 0.0833333358168602
        },
        {
            "sprite": "Explosion_a_2",
            "time": 0.1666666716337204
        },
        {
            "sprite": "Explosion_a_3",
            "time": 0.25
        },
        {
            "sprite": "Explosion_a_4",
            "time": 0.3333333432674408
        },
        {
            "sprite": "Explosion_a_5",
            "time": 0.4166666865348816
        },
        {
            "sprite": "Explosion_a_6",
            "time": 0.5
        },
        {
            "sprite": "Explosion_a_7",
            "time": 0.5833333730697632
        },
        {
            "sprite": "Explosion_a_8",
            "time": 0.6666666865348816
        },
        {
            "sprite": "Explosion_a_9",
            "time": 0.75
        },
        {
            "sprite": "Explosion_a_10",
            "time": 0.8333333730697632
        },
        {
            "sprite": "Explosion_a_11",
            "time": 0.9166666865348816
        }
    ],
    "events": []
}