{
    "name": "Flame_a",
    "isLoop": false,
    "filePath": "Assets/01_Sprites/Flame.png",
    "duration": 2.6666667461395265,
    "frames": [
        {
            "sprite": "Flame_a_0",
            "time": 0.0
        },
        {
            "sprite": "Flame_a_1",
            "time": 0.0833333358168602
        },
        {
            "sprite": "Flame_a_2",
            "time": 0.1666666716337204
        },
        {
            "sprite": "Flame_a_3",
            "time": 0.25
        },
        {
            "sprite": "Flame_a_4",
            "time": 0.3333333432674408
        },
        {
            "sprite": "Flame_a_5",
            "time": 0.4166666865348816
        },
        {
            "sprite": "Flame_a_6",
            "time": 0.5
        },
        {
            "sprite": "Flame_a_7",
            "time": 0.5833333730697632
        },
        {
            "sprite": "Flame_a_8",
            "time": 0.6666666865348816
        },
        {
            "sprite": "Flame_a_9",
            "time": 0.75
        },
        {
            "sprite": "Flame_a_10",
            "time": 0.8333333730697632
        },
        {
            "sprite": "Flame_a_11",
            "time": 0.9166666865348816
        },
        {
            "sprite": "Flame_a_12",
            "time": 1.0
        },
        {
            "sprite": "Flame_a_13",
            "time": 1.0833333730697632
        },
        {
            "sprite": "Flame_a_14",
            "time": 1.1666667461395264
        },
        {
            "sprite": "Flame_a_15",
            "time": 1.25
        },
        {
            "sprite": "Flame_a_16",
            "time": 1.3333333730697632
        },
        {
            "sprite": "Flame_a_17",
            "time": 1.4166667461395264
        },
        {
            "sprite": "Flame_a_18",
            "time": 1.5
        },
        {
            "sprite": "Flame_a_19",
            "time": 1.5833333730697632
        },
        {
            "sprite": "Flame_a_20",
            "time": 1.6666667461395264
        },
        {
            "sprite": "Flame_a_21",
            "time": 1.75
        },
        {
            "sprite": "Flame_a_22",
            "time": 1.8333333730697632
        },
        {
            "sprite": "Flame_a_23",
            "time": 1.9166667461395264
        },
        {
            "sprite": "Flame_a_24",
            "time": 2.0
        },
        {
            "sprite": "Flame_a_25",
            "time": 2.0833334922790529
        },
        {
            "sprite": "Flame_a_26",
            "time": 2.1666667461395265
        },
        {
            "sprite": "Flame_a_27",
            "time": 2.25
        },
        {
            "sprite": "Flame_a_28",
            "time": 2.3333334922790529
        },
        {
            "sprite": "Flame_a_29",
            "time": 2.4166667461395265
        },
        {
            "sprite": "Flame_a_30",
            "time": 2.5
        },
        {
            "sprite": "Flame_a_31",
            "time": 2.5833334922790529
        }
    ],
    "events": []
}